university,name,code,number,circleguide_url,status,source,twitter,instagram,line,website,email,search_status,nickname,youtube,tiktok,facebook,contact_method,description,appeal,genre,is_intercollege,campus,location_detail,activity_frequency,activity_schedule,atmosphere,camp_info,attendance_policy,member_count,gender_ratio,grade_composition,other_universities,founded_year,allows_dual_membership,accepts_late_entry,entry_requirements,fee_entry,fee_annual,fee_other,shinkan_info,events,achievements,sponsorship_history,external_activities,alumni_careers,annual_budget,event_attendance,photo_urls,extract_status
北海道大学,アルティメットサークルPADDY,体育系,,,公認,hokudai_web,https://x.com/hu_ulti_paddy,https://instagram.com/huc.paddy,,,,ok(2),,,,,,,,,,,,,,,,,,,,,,,,,,,,,,,,,,,,,no_website
北海道大学,カヌークラブ,体育系,,,公認,hokudai_web,https://x.com/hokudaicanoe,https://instagram.com/hokudaicanoe,,,,ok(2),,,,,,,,,,,,,,,,,,,,,,,,,,,,,,,,,,,,,no_website
北海道大学,交響楽団,文化系,,,公認,hokudai_web,https://x.com/huso_shinkan,https://instagram.com/hokudai_ok,,,,ok(2),,,,,,,,,,,,,,,,,,,,,,,,,,,,,,,,,,,,,no_website
北海道大学,合気会合気道部,体育系,,,公認,hokudai_web,https://x.com/HUAikikaiaikido,https://instagram.com/hokudai_aikikai,,https://hubcnavi.net/athletic/aikido,,ok(3),,,,,,,,,,,,,,,,,,,,,,,,,,,,,,,,,,,,,no_content
北海道大学,武田流中村派合気道部,体育系,,,公認,hokudai_web,https://x.com/hokuseiaikido,,,https://hubcnavi.net/takeda_aikido,hokudaibasket@gmail.com,ok(3),,,,,DM/メール/LINE,,,,,,,,火 18:15,,あり,,,,,,,,,体験参加後,,,,agramのDMまでご連絡ください！  新歓時期の活動時間は次の通りです。  火 18:15-20:00 師範がいらっしゃいます    木 16:30-18:00 授業優先です    土 18:00-20:00  ## データ  |  |,大会/合宿,,,,,,,,ok(6)
北海道大学,アメリカンフットボール部,体育系,,,公認,hokudai_web,https://x.com/First_Molars,,,https://dormy-hokkaido.com/pickup/hokudaikounin-bukatsu/,,ok(2),CC7,,,,LINE,,,,true,,部室,週2回,日,アットホーム/初心者歓迎,,自由参加,,,,,,,可,体験参加後/見学歓迎,,,,います。  ＼最新情報／  ★オンライン新歓＆相談会を開催  ★新入生歓迎会でトレ体験＆レクを開催  ★部員は、SAJ検定（1～5級の「級別テスト」公認検定員がジャッジし、規定のポイント以上を獲得すると合格）2級から受け始めて1級に挑戦,大会,優勝/準優勝/入賞/受賞/全国大会,,,,,,https://dormy-hokkaido.com/wp-content/themes/dormy/common/images/header/logo.png; https://dormy-hokkaido.com/wp-content/themes/dormy/common/images/header/logo.png; https://dormy-hokkaido.com/wp-content/themes/dormy/common/images/header/logo.png,ok(14)
北海道大学,居合道部,体育系,,,公認,hokudai_web,https://x.com/hokudai_iai2023,https://instagram.com/hokudaiiaido,,https://dormy-hokkaido.com/pickup/hokudaikounin-bukatsu/,,ok(3),CC7,,,,LINE,,,,true,,部室,週2回,日,アットホーム/初心者歓迎,,自由参加,,,,,,,可,体験参加後/見学歓迎,,,,います。  ＼最新情報／  ★オンライン新歓＆相談会を開催  ★新入生歓迎会でトレ体験＆レクを開催  ★部員は、SAJ検定（1～5級の「級別テスト」公認検定員がジャッジし、規定のポイント以上を獲得すると合格）2級から受け始めて1級に挑戦,大会,優勝/準優勝/入賞/受賞/全国大会,,,,,,https://dormy-hokkaido.com/wp-content/themes/dormy/common/images/header/logo.png; https://dormy-hokkaido.com/wp-content/themes/dormy/common/images/header/logo.png; https://dormy-hokkaido.com/wp-content/themes/dormy/common/images/header/logo.png,ok(14)
北海道大学,応援吹奏団,体育系,,,公認,hokudai_web,https://x.com/hokudaiousui,https://instagram.com/hokudaiousui,,https://hokudaitaiikukaipr.wixsite.com/shoukai/about-club/%E5%BF%9C%E6%8F%B4%E5%90%B9%E5%A5%8F%E5%9B%A3,,ok(3),,,,,メール,,,,,,,,日,,,,,,,,,,,,,,,,演奏会,,,,,,,,ok(3)
北海道大学,応援団,体育系,,,公認,hokudai_web,https://x.com/hokudaiousui,https://instagram.com/ouendan_hu,,https://www.hokudaishinbun.com/2020/04/28/3720/,,ok(3),,,,https://www.facebook.com/Hokudaishinbun,LINE,,,,,,,週３回,日,,,,,,,,,,,,,,,触れて切に新入団員を募集しているとした。新歓の日程や内容など最新情報についてはホームページ（hokudai-oendan.com）をチェックしてほしい、としている。  ### *関連記事*  ### コメントを残す [コメントをキャンセル],,,,,,,,https://www.hokudaishinbun.com/wp-content/uploads/2020/09/Logo_for_NewWebsite.png; https://www.hokudaishinbun.com/wp-content/plugins/wp-social-bookmarking-light/public/images/line88x20.png; https://www.hokudaishinbun.com/wp-content/uploads/2020/04/ouendan-1024x768.jpg,ok(6)
北海道大学,オリエンテーリングクラブ,体育系,,,公認,hokudai_web,https://x.com/hokuolc_shinkan,https://instagram.com/hokuolc_shinkan,,https://dormy-hokkaido.com/pickup/hokudaikounin-bukatsu/,,ok(3),CC7,,,,LINE,,,,true,,部室,週2回,日,アットホーム/初心者歓迎,,自由参加,,,,,,,可,体験参加後/見学歓迎,,,,います。  ＼最新情報／  ★オンライン新歓＆相談会を開催  ★新入生歓迎会でトレ体験＆レクを開催  ★部員は、SAJ検定（1～5級の「級別テスト」公認検定員がジャッジし、規定のポイント以上を獲得すると合格）2級から受け始めて1級に挑戦,大会,優勝/準優勝/入賞/受賞/全国大会,,,,,,https://dormy-hokkaido.com/wp-content/themes/dormy/common/images/header/logo.png; https://dormy-hokkaido.com/wp-content/themes/dormy/common/images/header/logo.png; https://dormy-hokkaido.com/wp-content/themes/dormy/common/images/header/logo.png,ok(14)
北海道大学,空手部,体育系,,,公認,hokudai_web,https://x.com/hokudai_karate2,https://instagram.com/hokudai_karatebu,,https://7univ-nanadaisen.jp/,icu.footloose1993@gmail.com,ok(4),,,,,,,,,,本郷,,月5日,月,,,,,,,,,,,,,,,,大会,優勝,,,,,,,ok(5)
北海道大学,カーリングサークル,体育系,,,公認,hokudai_web,https://x.com/hokudai_curling,https://instagram.com/hokudaicurling,,https://www.siu.ac.jp/news/detail.html?news=1596,,ok(3),,,,,,,,,,,,,金,,,,,,,中央,,,,,,,,,大会,優勝,,,,,,,ok(4)
北海道大学,弓道部,体育系,,,公認,hokudai_web,https://x.com/genten_shinkan,https://instagram.com/hus_kyudo,,https://hokudai-kyudo.jimdofree.com/,,ok(3),,,,,,,,,false,,,,,,,,,,,,,,,見学歓迎,,,,"/hu_kyudo)です。  北大弓道部新歓用Twitterのアカウントは[@genten\_shinkan](https://twitter.com/genten_shinkan?lang=ja ""https://twitter.com/",,,,,,,,https://u.jimcdn.com/cms/o/se403a2787b511314/emotion/crop/header.jpg; https://image.jimcdn.com/app/cms/image/transf/dimension=670x10000:format=jpg/path/se403a2787b511314/image/ib4cbbb77fc104351/version/1695465432/image.jpg,ok(4)
北海道大学,競技舞踏部,体育系,,,公認,hokudai_web,https://x.com/HBDCkyoubu,https://instagram.com/hokudai.ballroom,,https://posfie.com/@HBDCkyoubu/p/KVZ6Lvf,,ok(3),,,,https://www.facebook.com/sharer,,,,,,,,毎日,日,,,,,,,,,,,,,,,/web/p.gif) 北大競技舞踏部 新歓2025 @HBDCkyoubu](https://posfie.com/@HBDCkyoubu)  公開  # [北大競技舞踏部2025 部員紹介](https://posfie.com/@HB,,,,,,,,,ok(4)
北海道大学,剣道部,体育系,,,公認,hokudai_web,https://x.com/letskendo,https://instagram.com/letskendo,,https://www.hokudai-kendo.com/,,ok(3),,,,,,,,,,,,,日,,,,,,,,,,,見学歓迎,,,,,大会,優勝/メディア,,,,,,"https://static.wixstatic.com/media/c4f27c_6d073880feec4aa4a51356cbd28eda2d~mv2_d_1866_1600_s_2.png/v1/fill/w_48,h_45,al_c,q_85,usm_0.66_1.00_0.01,enc_avif,quality_auto/%E3%82%B9%E3%82%AF%E3%83%AA%E3%83%BC%E3%83%B3%E3%82%B7%E3%83%A7%E3%83%83%E3%83%88%202019-04-21%2021_26_52.png; https://static.wixstatic.com/media/c4f27c_25968068e9da4809b33ba9a81b1bd322~mv2.png/v1/fill/w_170,h_48,al_c,q_85,usm_0.66_1.00_0.01,enc_avif,quality_auto/%E3%82%B9%E3%82%AF%E3%83%AA%E3%83%BC%E3%83%B3%E3%82%B7%E3%83%A7%E3%83%83%E3%83%88%202019-05-15%2013_25_49.png; https://static.wixstatic.com/media/5b4656_38d8fa86b6f640c5a67f5d073d7629b7~mv2.jpeg/v1/fill/w_237,h_148,al_c,q_80,usm_0.66_1.00_0.01,enc_avif,quality_auto/imageall.jpeg",ok(5)
北海道大学,少林寺拳法部,体育系,,,公認,hokudai_web,https://x.com/Shorin_Hokudai,https://instagram.com/hokudai_shorinji,,https://dousou.hgu.jp/wp22hgud10/wp-content/uploads/2023/04/4f85285c32fc37752c6b46fded6c5d8c.pdf,hgu_album@labbott.co.jp,ok(4),HBC,,,,メール,,,,false,所沢,体育館/グラウンド,週5回,木,,,,,,学部+院生,明治/立教/中央,,,可,面接あり,,,,,大会,優勝/受賞/全国大会,,ボランティア/地域貢献,,,,,ok(14)
北海道大学,航空部,体育系,,,公認,hokudai_web,https://x.com/hokudai_glider,,,https://hokudai-glider.jimdofree.com/%E9%83%A8%E5%93%A1%E7%B4%B9%E4%BB%8B/,husc592@yahoo.co.jp,ok(3),,,,,,,,,,,,毎日,水,ガチ系/アットホーム,,,,,学部+院生,,,可,可,,,,,,,,,,,,,https://image.jimcdn.com/app/cms/image/transf/dimension=480x10000:format=jpg/path/sddd0c4bc4e9626e8/image/i61a3198a37f3fbc0/version/1744726172/image.jpg; https://image.jimcdn.com/app/cms/image/transf/dimension=397x10000:format=jpg/path/sddd0c4bc4e9626e8/image/ia5c05f699f400e5b/version/1745213338/image.jpg; https://image.jimcdn.com/app/cms/image/transf/dimension=384x10000:format=jpg/path/sddd0c4bc4e9626e8/image/i9ad0ac7f28e32869/version/1758612438/image.jpg,ok(7)
北海道大学,ゴルフ部,体育系,,,公認,hokudai_web,https://x.com/HokudaiGolf,https://instagram.com/tamashiba.hu,,https://7univ-nanadaisen.jp/,,ok(3),,,,,,,,,,本郷,,月5日,月,,,,,,,,,,,,,,,,大会,優勝,,,,,,,ok(5)
北海道大学,サイクリングクラブ,体育系,,,公認,hokudai_web,https://x.com/hucc2024,https://instagram.com/hucc2023shinkan,,https://www.hokudaishinbun.com/2021/04/06/5233/,hokudaibasket@gmail.com,ok(4),HUCC,,,https://www.facebook.com/Hokudaishinbun,DM/メール/LINE,,,,false,,体育館,週3回,日,初心者歓迎,あり,自由参加,,,学部+院生,,,,可,体験参加後/見学歓迎,,,,"活動制限下での活動⑤新入生へメッセージ⑥新歓情報⑦団体のツイッター・ホームページなど(1団体1種類掲載)  **〈赤黒学生連合(RBU,ガクレン)〉**  ①約30人②コンサドーレを中心に応援するサッカー観戦サークルです。試合観戦、フットサ",大会/合宿/演奏会,優勝,,,,,,https://www.hokudaishinbun.com/wp-content/uploads/2020/09/Logo_for_NewWebsite.png; https://www.hokudaishinbun.com/wp-content/plugins/wp-social-bookmarking-light/public/images/line88x20.png,ok(17)
北海道大学,サッカー部,体育系,,,公認,hokudai_web,https://x.com/goinghokkaido,https://instagram.com/elf_hokudai,,https://note.com/humolkky/n/nd6d062a07373,,ok(3),,https://youtube.com/@user-yl4iw7ic7i,,https://www.facebook.com/HUmolkky,メール,,,,false,,コート,週1回,金,初心者歓迎,,自由参加,,,学部+院生,,,,,体験参加後/見学歓迎,,,,www.fsp-pivo.com/)  新歓期は人数が多いので、ほとんどPIVOでの活動になります。冬季は他のチームと合同で借りて節約してます。  ![](https://assets.st-note.com/img/16782032753,大会/公演,優勝/準優勝/メディア,,,,,,https://assets.st-note.com/production/uploads/images/99728062/rectangle_large_type_2_26e2d2230b526eabf55284eb4755e711.jpeg; https://assets.st-note.com/img/1678203275320-yC57EuVH4W.jpg; https://assets.st-note.com/img/1678203449383-9hSZd3ahot.jpg,ok(15)
北海道大学,山岳部,体育系,,,公認,hokudai_web,https://x.com/hokudai_sangaku,https://instagram.com/huwa_arukukai,,https://hubcnavi.net/aach,aach.sinkan@gmail.com,ok(4),,,,,メール,,,,,,部室,毎週,日,,あり,,,,,,,,,体験参加後/見学歓迎,,,,部を縦走しました。公式Twitterにて新歓情報発信中です。GWに体験合宿を行いたいと考えています。毎週水曜18時半より部室で例会を行なっております。気軽に見学可能ですので興味のある方は是非ご連絡ください。    Q&AQ1.初心者でも大丈,合宿,,,,,,,,ok(8)
北海道大学,自転車競技部,体育系,,,公認,hokudai_web,https://x.com/hucrt_shinkan26,https://instagram.com/hokkaidouniv_crt,,https://hubcnavi.net/hucc,hokudaibasket@gmail.com,ok(4),HUCC,,,,メール,,,,,,,毎週,日,初心者歓迎,あり,,,,,,,,,,,,,好きな人が集まっています。入部には土日の新歓ランに参加してほしいので、新歓ツイッター、新歓Instagramをチェックしてください。  入部に関する相談や質問は公式ツイッター、公式Instagramのダイレクトメッセージで対応しております。,大会/合宿,,,,,,,,ok(8)
北海道大学,自動車部,体育系,,,公認,hokudai_web,https://x.com/bb_hokkaido,https://instagram.com/huac____,,https://www.nodai.ac.jp/campus/club/setagaya/3/sns/,21026205@mmm.muroran-it.ac.jp,ok(4),,,,,,,,,,,,,日,,,,,,,,,,,,,,,,,,,,,,,,ok(1)
北海道大学,柔道部,体育系,,,公認,hokudai_web,https://x.com/hujudo,https://instagram.com/hokudai_judo,,https://www.hujudo.com/,,ok(3),,,,,,,,,,,,,月,,,,,,,,,,,,,,,,大会,優勝/入賞,,,,,,"https://static.wixstatic.com/media/898615_b0554953dbd14f5bbbf24005483e3cc0~mv2.jpg/v1/fill/w_26,h_26,al_c,q_80,usm_0.66_1.00_0.01,enc_avif,quality_auto/898615_b0554953dbd14f5bbbf24005483e3cc0~mv2.jpg; https://static.wixstatic.com/media/11062b_9b5a3b3607694630a7253c5fc4ff6476~mv2.png/v1/fill/w_26,h_26,al_c,q_85,usm_0.66_1.00_0.01,enc_avif,quality_auto/11062b_9b5a3b3607694630a7253c5fc4ff6476~mv2.png; https://static.wixstatic.com/media/e316f544f9094143b9eac01f1f19e697.png/v1/fill/w_26,h_26,al_c,q_85,usm_0.66_1.00_0.01,enc_avif,quality_auto/e316f544f9094143b9eac01f1f19e697.png",ok(4)
北海道大学,狩猟同好会カリブ,体育系,,,公認,hokudai_web,https://x.com/hokudai_karyudo,https://instagram.com/hokudai_karibu,,https://hubcnavi.net/cultural/study,,ok(3),,,,,DM/LINE,,,,true,,,週2回,月,ガチ系/ゆるい,,,,,学部+院生,,,,可,体験参加後/見学歓迎/誰でも可,,,,,大会/発表会/公演,,,,,,,,ok(9)
北海道大学,水泳部,体育系,,,公認,hokudai_web,https://x.com/swimmingNo3,https://instagram.com/clark_swimming,,https://hokudaiswim.com/,,ok(3),,,,,,,,,true,,,,水,,,,,,,,,,,,,,,wim.com/news/)  ### 新歓SNS  2025年　新歓Twitterアカウントは[こちら](https://twitter.com/shiro_2025_kuma)  2025年　新歓Instagramアカウントは[こちら],大会,,,,,,,https://hokudaiswim.com/wp-content/uploads/2022/03/ロゴ下書き-1-e1646747353240.png; https://hokudaiswim.com/wp-content/uploads/2022/02/S__58359813-1.jpg; https://hokudaiswim.com/wp-content/uploads/2022/03/ロゴ下書き-1-e1646747353240.png,ok(5)
北海道大学,スカッシュラケットクラブ,体育系,,,公認,hokudai_web,https://x.com/squash_hokudai,https://instagram.com/squash.hokudai,,https://hubcnavi.net/squashracket,,ok(3),,,,,DM/メール,,,,true,,コート,毎週,日,,あり,,,,,,,,,体験参加後/誰でも可,,,,体験会、入部説明会 | | 5月 | 新歓 | | 6月 | | 7月 | | 8月 | 夏合宿 | | 9月 | 強化練習、秋旅行 | | 10月 | インカレ北海道予選 | | 11月 | | 12月 | インカレ本戦 | | 1月,大会/合宿,優勝/準優勝/全国大会,,,,,,,ok(10)
北海道大学,エレガントスキー部,体育系,,,公認,hokudai_web,https://x.com/HUelegantski,https://instagram.com/popular,,https://dormy-hokkaido.com/pickup/hokudaikounin-bukatsu/,,ok(3),CC7,,,,LINE,,,,true,,部室,週2回,日,アットホーム/初心者歓迎,,自由参加,,,,,,,可,体験参加後/見学歓迎,,,,います。  ＼最新情報／  ★オンライン新歓＆相談会を開催  ★新入生歓迎会でトレ体験＆レクを開催  ★部員は、SAJ検定（1～5級の「級別テスト」公認検定員がジャッジし、規定のポイント以上を獲得すると合格）2級から受け始めて1級に挑戦,大会,優勝/準優勝/入賞/受賞/全国大会,,,,,,https://dormy-hokkaido.com/wp-content/themes/dormy/common/images/header/logo.png; https://dormy-hokkaido.com/wp-content/themes/dormy/common/images/header/logo.png; https://dormy-hokkaido.com/wp-content/themes/dormy/common/images/header/logo.png,ok(14)
北海道大学,基礎スキー部,体育系,,,公認,hokudai_web,https://x.com/hokudaidemo,https://instagram.com/hokudaikisoski,,https://hubcnavi.net/hokudaidemo,,ok(3),,,,,LINE,,,,,,体育館,,月,,あり,,,,,,,,,誰でも可,,,,--- | --- | | 4月 | 新歓スキー | | 5月 | 新歓コンパ、空沼代替行事 | | 6月 | パークゴルフ | | 7月 | 前期終了コンパ、夏レクリエーション | | 8月 | 同期旅行、道東旅行 | | 9月 | |,大会/合宿,優勝/準優勝/全国大会,,,,,,,ok(8)
北海道大学,競技スキー部,体育系,,,公認,hokudai_web,https://x.com/hokudai_Rski,https://instagram.com/hokudai_racing_ski,,https://hubcnavi.net/racingski,,ok(3),SL,,,,LINE,,,,true,,体育館,,日,,あり,,,,,,,,,誰でも可,,,,--- | --- | | 4月 | 新歓スキー | | 5月 | 新歓合宿 | | 6月 | 楡陵祭 | | 7月 | 外周T.T. | | 8月 | オフ！帰省、バイト、旅行など、好きなことを！！ | | 9月 | 夏季合宿 | |,大会/合宿,入賞,,,,,,,ok(10)
北海道大学,山スキー部,体育系,,,公認,hokudai_web,https://x.com/yamaskibu,https://instagram.com/hokudai_racing_ski,,https://husvyamaski.com/,hokudaibasket@gmail.com,ok(4),yamareco.com,,,,メール,,,,,,,,月,,,,,,,,,,,誰でも可,,,,,,,,,,,,https://husvyamaski.com/wp-content/uploads/2024/01/3n0a8738-e1709040590547.jpg; https://husvyamaski.com/wp-content/uploads/2024/02/cropped-13029.jpg; https://husvyamaski.com/wp-content/uploads/2024/02/cropped-13029.jpg,ok(5)
北海道大学,スケート部,体育系,,,公認,hokudai_web,https://x.com/HokkaidoUnivFSC,https://instagram.com/hokudai_figure_shinkan2025,,https://hokudai.2025.giving-campaign.jp/groups?id=3bb5a998-1db8-4485-bb6c-da86261713c0,zengakushinkan2026@gmail.com,ok(4),,,,,,,,,,,,,,,,,,,,,,,,,,,,,,,,,,,,https://d2pge145h4hrsw.cloudfront.net/hokudai.png; https://d2pge145h4hrsw.cloudfront.net/hokudai.png; https://d3dz0yrkzkfgn0.cloudfront.net/alternative_logomark_image_url/4082763e-c288-45bc-821e-9731029bd8c8.jpg,ok(1)
北海道大学,フィギュアスケート部,体育系,,,公認,hokudai_web,https://x.com/HokkaidoUnivFSC,https://instagram.com/ouc_figureskating,,https://hokudai.2025.giving-campaign.jp/groups?id=3bb5a998-1db8-4485-bb6c-da86261713c0,,ok(3),,,,,,,,,,,,,,,,,,,,,,,,,,,,,,,,,,,,https://d2pge145h4hrsw.cloudfront.net/hokudai.png; https://d2pge145h4hrsw.cloudfront.net/hokudai.png; https://d3dz0yrkzkfgn0.cloudfront.net/alternative_logomark_image_url/4082763e-c288-45bc-821e-9731029bd8c8.jpg,ok(1)
北海道大学,相撲部,体育系,,,公認,hokudai_web,https://x.com/hokudaisumo,https://instagram.com/hokkaido_univ_sumo,,https://hubcnavi.net/hokudaisumo,,ok(3),,,,https://www.facebook.com/hokudaisumo,メール,,,,true,,,週2回,日,アットホーム,あり,,,,,,,,,体験参加後/見学歓迎,,,,気を味わいに、気軽に見学や体験、説明会・新歓パーティーに来てみてください。きっと「相撲」に対する印象が変わりますよ！  大学生活で新しいことや面白いことをやってみたい、そして相撲に少しでも興味が湧いたそこのあなた、私たちと一緒に始めてみませ,大会/合宿,優勝,,,,,,,ok(11)
北海道大学,スポーツチャンバラサークル翠剣会,体育系,,,公認,hokudai_web,https://x.com/hokudaispochan2,https://instagram.com/hokudaispochan2,,https://www.gakuseichanbara.com/hokudaisuiken-2,,ok(3),,,,,,,,,,,,,日,,,,,,,,,,,,,,,,,,,,,,,"https://static.wixstatic.com/media/40d3dd_56b5a3071f1b45a5b536b7de15c66a43~mv2.jpg/v1/fill/w_80,h_80,al_c,q_80,usm_0.66_1.00_0.01,enc_avif,quality_auto/jsccf_logo_a_c%20%E5%AD%A6%E7%94%9F%E9%80%A3%E7%9B%9F%E3%83%AD%E3%82%B4.jpg; https://static.wixstatic.com/media/c7d035ba85f6486680c2facedecdcf4d.png/v1/fill/w_20,h_20,al_c,q_85,usm_0.66_1.00_0.01,enc_avif,quality_auto/c7d035ba85f6486680c2facedecdcf4d.png; https://static.wixstatic.com/media/01c3aff52f2a4dffa526d7a9843d46ea.png/v1/fill/w_20,h_20,al_c,q_85,usm_0.66_1.00_0.01,enc_avif,quality_auto/01c3aff52f2a4dffa526d7a9843d46ea.png",ok(2)
北海道大学,漕艇部,体育系,,,公認,hokudai_web,https://x.com/hurc8,https://instagram.com/hoku_med_rowing,,https://hurc-rowing.studio.site/,,ok(3),,,,,,,,,,,,,,,,,,,,,,,,,,,,,,,,,,,,,no_content
北海道大学,ソフトボール部,体育系,,,公認,hokudai_web,https://x.com/hokudaisoftball,https://instagram.com/hokudaisoftball,,https://www.hokudai-softball.net/%E6%96%B0%E5%88%8A%E6%83%85%E5%A0%B12026,,ok(3),,,,,,,,,,,,,,,,,,,,,,,,,,,,,,,,,,,,,no_content
北海道大学,体操部,体育系,,,公認,hokudai_web,https://x.com/mi8kyogym,https://instagram.com/hokudai_gymnastics,,http://www.fuzsc.com/campuslife/circle-data/taiiku/gymnastics/index.html,hkduniv.gymnastics@gmail.com,ok(4),C,,,,DM/メール,,,,,,体育館,,金,,,,,,,,,,,見学歓迎,,,,,大会,,,,,,,,ok(6)
北海道大学,躰道部,体育系,,,公認,hokudai_web,https://x.com/HU_Taido,https://instagram.com/hokudai_taido,,https://hokkaidounivtaido.wixsite.com/taido-hokudai,,ok(3),goo.ne.jp,,,https://www.facebook.com/people,,,,,,,,,月,,あり,,,,,,,,,,,,,なの入部、待ってるよ！！！  2023　新歓合宿  2022　学生大会　旋体団法  2023　スキー合宿  2023　新歓合宿  1/6  ###### 北大躰道部はこんな人を求めています！  大学に入って目標を追求したい！  北大躰道部は,大会/合宿,優勝/全国大会,,,,,,,ok(7)
北海道大学,卓球部,体育系,,,公認,hokudai_web,https://x.com/Peco_Hokudai,https://instagram.com/hokumedtt,,https://note.com/ki_duzu_ki/n/n23511d16fc11,kiduki.kizuki.main@gmail.com,ok(4),,,,,DM/メール,,,,false,,体育館,月４日,月,,,,,,,,,,,体験参加後/誰でも可,,,,,学園祭/大会/公演,,,,,,,https://assets.st-note.com/production/uploads/images/104942483/rectangle_large_type_2_76f824f9da1c3c247c93f12f7dd0f780.png,ok(8)
北海道大学,探検部,体育系,,,公認,hokudai_web,https://x.com/hokudai_tanken,https://instagram.com/hokudai_explorers,,https://www.hokudaishinbun.com/2021/04/06/5233/,hokudaibasket@gmail.com,ok(4),HUCC,,,https://www.facebook.com/Hokudaishinbun,DM/メール/LINE,,,,false,,体育館,週3回,日,初心者歓迎,あり,自由参加,,,学部+院生,,,,可,体験参加後/見学歓迎,,,,"活動制限下での活動⑤新入生へメッセージ⑥新歓情報⑦団体のツイッター・ホームページなど(1団体1種類掲載)  **〈赤黒学生連合(RBU,ガクレン)〉**  ①約30人②コンサドーレを中心に応援するサッカー観戦サークルです。試合観戦、フットサ",大会/合宿/演奏会,優勝,,,,,,https://www.hokudaishinbun.com/wp-content/uploads/2020/09/Logo_for_NewWebsite.png; https://www.hokudaishinbun.com/wp-content/plugins/wp-social-bookmarking-light/public/images/line88x20.png,ok(17)
北海道大学,チアリーダー部,体育系,,,公認,hokudai_web,https://x.com/CADENDIA_HU,https://instagram.com/huc_cadendia,,https://hubcnavi.net/cheer,cadendiahuc@gmail.com,ok(4),,,,,DM/メール,,,,true,,体育館,,月,,あり,,,,,,,,,体験参加後/見学歓迎,,,,--- | --- | | 4月 | 新歓、大会練習 | | 5月 | 安全技術講習会（ワンデー）、合宿、イベント出演 | | 6月 | 北大祭、道大会(ジャパンカップ予選会) | | 7月 | | 8月 | ジャパンカップ | | 9月,大会/合宿,全国大会,,,,,,,ok(9)
北海道大学,硬式庭球部,体育系,,,公認,hokudai_web,https://x.com/graho_2025,https://instagram.com/hokkaido_univ_tennis,,https://hokudai.2025.giving-campaign.jp/groups?id=e3b45944-a92e-4960-a785-a7f10d727ac1,,ok(3),,,,,,,,,,,,,,,,,,,,,,,,,,,,,,,,,,,,https://d2pge145h4hrsw.cloudfront.net/hokudai.png; https://d2pge145h4hrsw.cloudfront.net/hokudai.png; https://d3dz0yrkzkfgn0.cloudfront.net/alternative_logomark_image_url/4082763e-c288-45bc-821e-9731029bd8c8.jpg,ok(1)
北海道大学,軟式庭球部,体育系,,,公認,hokudai_web,https://x.com/ouc_nante,https://instagram.com/gakuensofuteni,,https://hubcnavi.net/dolphin_softtennis,,ok(3),,,,,DM,,,,,,体育館,,月,ゆるい,あり,,,,学部+院生,,,,可,体験参加後/見学歓迎/誰でも可,,,,--- | --- | | 4月 | 新歓練習、新歓ドライブ | | 5月 | 新歓ドライブ | | 6月 | ジンパ | | 7月 | 海 | | 8月 | 夏合宿 | | 9月 | 円山フェスタ(大会) | | 10月 | Dolph,大会/合宿,,,,,,,,ok(10)
北海道大学,テコンドー部,体育系,,,公認,hokudai_web,https://x.com/hubcnavi,https://instagram.com/hokudai.itf.taekwondo,,https://hubcnavi.net/clarkswimming,,ok(3),,,,,DM/メール,,,,,,プール,週2回,水,,,,,,,,,,可,誰でも可,,,,--- | --- | | 4月 | 新歓 | | 5月 | 新入生歓迎記録会 | | 6月 | | 7月 | | 8月 | 海水浴 | | 9月 | 札幌市民大会 | | 10月 | | 11月 | | 12月 | 北海道学生記録会 |,大会,入賞/全国大会,,,,,,,ok(9)
北海道大学,トライアスロン部ちゃらんけ,体育系,,,公認,hokudai_web,https://x.com/swnbikrun,https://instagram.com/hokkaidouniv_triathlon,,https://charanke.web.fc2.com/,hokudai.triathlon@gmail.com,ok(4),,,,,,,,,,,,,日,,,,,,,,,,,,,,,blog86.fc2.com/) * [新歓用ページ](shinkan2023/shinkan2023.html)  * [トップ](#) * [活動内容](about/about.html) * [部員紹介](member/member.,大会,,,,,,,,ok(3)
北海道大学,ライダーズクラブHORIZON,体育系,,,公認,hokudai_web,https://x.com/rchorizon1982,,,https://hokudaiwiki.net/wiki/2023%E5%B9%B4%E3%81%AE%E5%8C%97%E5%A4%A7%E7%A5%AD%E3%81%A7%E5%96%B6%E6%A5%AD%E3%81%99%E3%82%8B%E6%A8%A1%E6%93%AC%E5%BA%97%E4%B8%80%E8%A6%A7,,ok(2),,,,,,,,,,,,,日,,,,,,,,,,,,,,,,,,,,,,,https://hokudaiwiki.net/hokudaiwiki_main/resources/assets/banner_hokudaipuzzle.png,ok(2)
北海道大学,馬術部,体育系,,,公認,hokudai_web,https://x.com/hokudaibajutsu,https://instagram.com/hokudai_uma,,https://gakumado.mynavi.jp/gmd/articles/58601,,ok(3),,,,,,,,,false,,部室,週6回,金,初心者歓迎,あり,,,,,,,,,体験参加後/見学歓迎,,,,,学園祭/合宿,,,,,,,,ok(8)
北海道大学,男子バスケットボール部,体育系,,,公認,hokudai_web,https://x.com/hokudai_bsktb,https://instagram.com/hokudai_basketball,,https://ameblo.jp/hubbc-manager/entry-12797283049.html,,ok(3),,,,,,,,,,,体育館,,日,,,必須,,,,東大,,,,見学歓迎,,,,ち込んでみませんか？？  東大バスケ部の新歓ポスターにこんなことが書いてありました。  **「学生最後の青春を、バスケに懸けてみないか」**  もうこの言葉に全てが詰まっていて、パクらせていただきたいくらい🥺(既にちょっと似せてしまった)(,大会,優勝,,,,,,https://stat.ameba.jp/user_images/20230407/00/hubbc-manager/e1/91/j/o1080081015266445065.jpg?caw=800)](https://stat.ameba.jp/user_images/20230407/00/hubbc-manager/e1/91/j/o1080081015266445065.jpg; https://stat.ameba.jp/user_images/20230407/00/hubbc-manager/34/37/j/o1080081015266445073.jpg?caw=800)](https://stat.ameba.jp/user_images/20230407/00/hubbc-manager/34/37/j/o1080081015266445073.jpg; https://stat.ameba.jp/user_images/20230407/00/hubbc-manager/f3/60/j/o0828140715266445081.jpg?caw=800)](https://stat.ameba.jp/user_images/20230407/00/hubbc-manager/f3/60/j/o0828140715266445081.jpg,ok(9)
北海道大学,女子バスケットボール部,体育系,,,公認,hokudai_web,https://x.com/basketball_HU,https://instagram.com/hokudai.girls.basket,,https://www.hokudaishinbun.com/2021/04/06/5233/,hokudaibasket@gmail.com,ok(4),HUCC,,,https://www.facebook.com/Hokudaishinbun,DM/メール/LINE,,,,false,,体育館,週3回,日,初心者歓迎,あり,自由参加,,,学部+院生,,,,可,体験参加後/見学歓迎,,,,"活動制限下での活動⑤新入生へメッセージ⑥新歓情報⑦団体のツイッター・ホームページなど(1団体1種類掲載)  **〈赤黒学生連合(RBU,ガクレン)〉**  ①約30人②コンサドーレを中心に応援するサッカー観戦サークルです。試合観戦、フットサ",大会/合宿/演奏会,優勝,,,,,,https://www.hokudaishinbun.com/wp-content/uploads/2020/09/Logo_for_NewWebsite.png; https://www.hokudaishinbun.com/wp-content/plugins/wp-social-bookmarking-light/public/images/line88x20.png,ok(17)
北海道大学,バドミントン部,体育系,,,公認,hokudai_web,https://x.com/Hokuibadminton,https://instagram.com/hokui_badminto,,https://hubcnavi.net/mintbad,,ok(3),Twitter,,,,DM,,,,false,,体育館,不定期,火・木・土曜日,,あり,自由参加,,,,,,,,体験参加後/見学歓迎,,,,体験にいらしてください！  ただいま絶賛新歓中です！mintでは、新1年生はもちろん、どの大学、専門学校でも、どんな学年の方でもご参加いただけます！参加希望の方、質問等ある方は、InstagramかX（Twitter）にてDMをお願いいたし,大会/合宿,,,,,,,,ok(11)
北海道大学,男子バレーボール部,体育系,,,公認,hokudai_web,https://x.com/hues_volleyball,https://instagram.com/hokudai_volleyballclub,,https://hokudaimvc.wixsite.com/site,hokudaimvbc1876@gmail.com,ok(4),,,,,,,,,,,体育館,,月,,,,39人,,,,,,,,,,,,,,,,,,,"https://static.wixstatic.com/media/d063ba_de1e2b2b56444232af65d22dfb2f11a6~mv2.jpg/v1/fill/w_288,h_192,al_c,q_80,usm_0.66_1.00_0.01,blur_2,enc_avif,quality_auto/d063ba_de1e2b2b56444232af65d22dfb2f11a6~mv2.jpg; https://static.wixstatic.com/media/d063ba_d327af9102e8486597b6b61a0aaa9c77~mv2.png/v1/fill/w_67,h_68,al_c,q_85,usm_0.66_1.00_0.01,enc_avif,quality_auto/%E5%8C%97%E5%A4%A7%E6%A0%A1%E7%AB%A0%E3%80%80%E8%83%8C%E6%99%AF%E9%80%8F%E9%81%8E.png; https://static.wixstatic.com/media/d063ba_fe5d8b5259da444ebf57e9674565e3d6~mv2.png/v1/fill/w_194,h_73,al_c,q_85,usm_0.66_1.00_0.01,enc_avif,quality_auto/%E3%82%B5%E3%82%A4%E3%83%88%E3%83%88%E3%83%83%E3%83%97%E7%94%A8%E3%80%80%E6%94%B9%E8%A1%8C%E3%81%82%E3%82%8A.png",ok(4)
北海道大学,女子バレーボール部,体育系,,,公認,hokudai_web,,,,https://www.hokusho-u.ac.jp/admission/campuslife/circle_view/circle_sports/,21026205@mmm.muroran-it.ac.jp,ok(2),SG,,,,LINE,,,,true,,,,日,アットホーム/初心者歓迎,,,,,,,,,,見学歓迎,,,,,大会,優勝/準優勝/入賞,,,,,,,ok(8)
北海道大学,ハンドボール部,体育系,,,公認,hokudai_web,https://x.com/hokudaihand,https://instagram.com/hokudaihand,,https://hokudaihand.wordpress.com/2024/05/22/%E6%96%B0%E3%81%97%E3%81%84%E3%83%A1%E3%83%B3%E3%83%90%E3%83%BC%E3%81%8C%E5%8A%A0%E3%82%8F%E3%82%8A%E3%81%BE%E3%81%97%E3%81%9F%EF%BC%81/,,ok(3),,,,,,,,,,,,,木,,,,,,,,,,,,,,,,,,,,,,,https://hokudaihand.wordpress.com/wp-content/uploads/2020/09/cropped-e382b9e382afe383aae383bce383b3e382b7e383a7e38383e38388-64.png; https://hokudaihand.wordpress.com/wp-content/uploads/2024/05/line_album_2024-1e5b9b4e99b86e59088e58699e79c9f_240520_2.jpg; https://hokudaihand.wordpress.com/wp-content/uploads/2020/09/cropped-hokudai.jpg,ok(2)
北海道大学,フェンシング部,体育系,,,公認,hokudai_web,https://x.com/hokudai_fencing,https://instagram.com/hokudai_fencing,,https://hokudaifencing.wixsite.com/homepage,hokudaibasket@gmail.com,ok(4),Twitter,,,,,,,,,,体育館,,,,,,,,,,,,,体験参加後/見学歓迎,,,,,,,,,,,,"https://static.wixstatic.com/media/1fe560_495034b108a44829a6bf4d0077952d24~mv2.png/v1/fill/w_158,h_89,al_c,q_85,usm_0.66_1.00_0.01,enc_avif,quality_auto/%E3%82%A8%E3%83%B3%E3%83%96%E3%83%AC%E3%83%A0_edited_edited.png; https://static.wixstatic.com/media/1fe560_42197915a22b4f99be01bb6b62873d84~mv2.jpg/v1/fill/w_980,h_455,al_c,q_85,usm_0.66_1.00_0.01,enc_avif,quality_auto/1fe560_42197915a22b4f99be01bb6b62873d84~mv2.jpg",ok(4)
北海道大学,北大フットサルEsperanza,体育系,,,公認,hokudai_web,https://x.com/esp_welcome,https://instagram.com/esperanza_hokudai,,https://hubcnavi.net/edit,,ok(3),,,,,メール,,,,true,,体育館,週4日,日,,,,,,,,,,可,体験参加後/見学歓迎,,,,で高くないのではないかと思います。  《新歓情報》    選手、マネージャーともに募集中です。3、4月に新歓体験会、ゲーム会の開催を予定しています。こちらは入部希望者もそうでない方も大歓迎です昨年は約60名と多くの一年生に参加していただいて,大会,優勝/準優勝/全国大会,,,,,,,ok(10)
北海道大学,ボクシングクラブ,体育系,,,公認,hokudai_web,https://x.com/Hokudai_box,,,https://note.com/lucky_minnow287/n/nc5345ce18d78,soumu@vill.shimokitayama.lg.jp,ok(3),,,,,LINE,,,,,,体育館,,日,,,,,,,,,,,体験参加後,,,,,大会,優勝,,,,,,https://assets.st-note.com/production/uploads/images/166852385/rectangle_large_type_2_0e36a9eb5ef9e391bf1fcf194b82cade.jpeg; https://assets.st-note.com/img/1734927153-TzGJ0CfStXOkMyNPVu5ERnei.jpg; https://assets.st-note.com/img/1734927074-94Jc0IY5g1RHdA2CjWNLSf6w.jpg,ok(7)
北海道大学,ボブスレー・リュージュ・スケルトン部,体育系,,,公認,hokudai_web,https://x.com/hubcnavi,,,https://dormy-hokkaido.com/pickup/hokudaikounin-bukatsu/,,ok(2),CC7,,,,LINE,,,,true,,部室,週2回,日,アットホーム/初心者歓迎,,自由参加,,,,,,,可,体験参加後/見学歓迎,,,,います。  ＼最新情報／  ★オンライン新歓＆相談会を開催  ★新入生歓迎会でトレ体験＆レクを開催  ★部員は、SAJ検定（1～5級の「級別テスト」公認検定員がジャッジし、規定のポイント以上を獲得すると合格）2級から受け始めて1級に挑戦,大会,優勝/準優勝/入賞/受賞/全国大会,,,,,,https://dormy-hokkaido.com/wp-content/themes/dormy/common/images/header/logo.png; https://dormy-hokkaido.com/wp-content/themes/dormy/common/images/header/logo.png; https://dormy-hokkaido.com/wp-content/themes/dormy/common/images/header/logo.png,ok(14)
北海道大学,硬式野球部,体育系,,,公認,hokudai_web,https://x.com/HUyakyukansen,https://instagram.com/hokudai_baseball,,https://hubcnavi.net/athletic/baseball,hokudai.baseball.2020@gmail.com,ok(4),,,,,,,,,true,,,,月,ゆるい,,自由参加,,,,中央,,可,可,体験参加後/見学歓迎,,,,,大会,優勝,,,,,,,ok(10)
北海道大学,準硬式野球部,体育系,,,公認,hokudai_web,https://x.com/hokudaijunkou,https://instagram.com/hokudai_junko,,https://hubcnavi.net/athletic/baseball,,ok(3),,,,,,,,,true,,,,月,ゆるい,,自由参加,,,,中央,,可,可,体験参加後/見学歓迎,,,,,大会,優勝,,,,,,,ok(10)
北海道大学,軟式野球シーラカンス,体育系,,,公認,hokudai_web,https://x.com/HUcoela,https://instagram.com/coela_baseball,,https://hubcnavi.net/coelacanth,,ok(3),,,,,DM,,,,,,,,月,初心者歓迎,あり,,,,,,,,,誰でも可,,,,--- | --- | | 4月 | 新歓 | | 5月 | 新歓ドライブ | | 6月 | 春リーグ | | 7月 | | 8月 | | 9月 | 合宿 | | 10月 | 秋リーグ | | 11月 | | 12月 | | 1月 | |,合宿,,,,,,,,ok(7)
北海道大学,洋弓部,体育系,,,公認,hokudai_web,https://x.com/hokudai_archery,https://instagram.com/hokudai_archery_,,https://hubcnavi.net/hokudai_archery,,ok(3),,,,,DM,,,,,,,毎週,毎週火・木・金曜日,アットホーム/初心者歓迎,,,,,,,,,,,,,,(4限終わり)から活動しているので、もし新歓に参加したい方は、Instagram、TwitterのDMの方にメッセージをください！！  ## データ  |  |  | | --- | --- | | 人数 | 31人 | | 活動場所 |,大会,,,,,,,,ok(6)
北海道大学,ヨット部,体育系,,,公認,hokudai_web,https://x.com/hokudaiyacht,https://instagram.com/hokkaido_sailing,,https://hubcnavi.net/yacht-sailing,,ok(3),,,,,DM/メール,,,,true,,,週1回,水,,あり,,,,,,,,,体験参加後,,,,ったりと同期の仲が良いのも魅力です👍  新歓説明会に参加してみたい方、試乗会に参加してみたい方、その他気になることがある方はInstagram又はTwitterのDMにてお気軽にご相談下さい。  部員一同小樽の海でお待ちしております⛵️,合宿,優勝,,,,,,,ok(9)
北海道大学,ライフル射撃部,体育系,,,公認,hokudai_web,https://x.com/HURSC_official,https://instagram.com/hus_rifle,,https://hubcnavi.net/kitamite_garden,,ok(3),,,,,DM/メール/LINE,,,,,,,,月,,,,,,,,,,,,,,,--- | --- | | 4月 | 新歓 | | 5月 | 中庭の整備 | | 6月 | 〃、苗植え | | 7月 | 〃、梅の収穫 | | 8月 | 〃、野菜の収穫 | | 9月 | 〃 | | 10月 | 〃 | | 11月 | 〃,,,,ボランティア,,,,,ok(4)
北海道大学,男子ラクロス部,体育系,,,公認,hokudai_web,https://x.com/Hokudai_lax,https://instagram.com/hokudai_lax,,https://ameblo.jp/hokulax/entry-12900680482.html,,ok(3),,,,,,,,,false,,,,,,,,,,,,,,,,,,,,大会,,,,,,,https://stat.ameba.jp/user_images/20250506/11/hokulax/5b/c0/j/o1080072015587362205.jpg?caw=800)](https://stat.ameba.jp/user_images/20250506/11/hokulax/5b/c0/j/o1080072015587362205.jpg; https://stat.ameba.jp/user_images/20250506/10/hokulax/12/09/j/o1080060715587316014.jpg?caw=800)](https://stat.ameba.jp/user_images/20250506/10/hokulax/12/09/j/o1080060715587316014.jpg; https://stat.ameba.jp/user_images/20250506/11/hokulax/90/4a/j/o1080072015587362226.jpg?caw=800)](https://stat.ameba.jp/user_images/20250506/11/hokulax/90/4a/j/o1080072015587362226.jpg,ok(3)
北海道大学,女子ラクロス部,体育系,,,公認,hokudai_web,https://x.com/huw_lax,https://instagram.com/huwlax,,https://lit.link/hguwomenlax,,ok(3),Other,,,,,,,,,,,,日,,,,,,,,,,,,,,,u_women_lax/) * [## 新歓instagram    新入生の方向けに情報発信していきます！](https://www.instagram.com/hgu_w_lax_freshman/) * [## 公式Twitter,,メディア,,,,,,https://prd.resource-api.lit.link/images/creators/a351f0fb-af83-4c8d-a820-70ef9c51ca60/7bd6d3bc-b9b1-4e4e-9778-096d3ed5cc9e.png,ok(5)
北海道大学,ラグビー・フットボール部,体育系,,,公認,hokudai_web,https://x.com/HURFC_official,https://instagram.com/hokudai_rugby,,https://www.hgu.jp/campuslife/circle/rugby.html,,ok(3),,,,,,,,,true,,グラウンド,週2日,金,,あり,,,,,,,,,,,,,,大会/合宿,優勝/準優勝,,,,,,,ok(7)
北海道大学,陸上競技部,体育系,,,公認,hokudai_web,https://x.com/hokudai_tandf,https://instagram.com/hutf_official,,https://hubcnavi.net/tandf,,ok(3),,,,https://www.facebook.com/hokudaitandf,メール/LINE,,,,true,,体育館/グラウンド,,月,,あり,,,,,,,,可,体験参加後/見学歓迎,,,,--- | --- | | 4月 | 新歓 | | 5月 | 北海道インカレ | | 6月 | 対東北大定期戦＠仙台 | | 7月 | 七大戦＠東京 | | 8月 | 北海道大学駅伝 | | 9月 | 日本インカレ、北海道学生選手権、OB,大会/合宿,,,,,,,,ok(10)
北海道大学,陸上ホッケー部,体育系,,,公認,hokudai_web,https://x.com/HUhockeygirl,https://instagram.com/hokudai_fieldhockey,,https://www.hokudai-fieldhockey.com/blog,,ok(3),,,,,,,,,,,,月3日,月,,,,,,,,,,,見学歓迎,,,,,,,,,,,,"https://static.wixstatic.com/media/1a0c66_4c659ca8b39c4a1799c702c94295367a~mv2.png/v1/fill/w_80,h_80,al_c,q_85,usm_0.66_1.00_0.01,enc_avif,quality_auto/%E3%82%A2%E3%82%A4%E3%82%B3%E3%83%B3_edited.png",ok(4)
北海道大学,ワンダーフォーゲル部,体育系,,,公認,hokudai_web,https://x.com/kuwv_info,https://instagram.com/h_u_w_v_,,https://huwv.org/,,ok(3),,,,,,,,,,,,,日,,,,,,,,,,,,,,,問](/join/faq/)   + [新歓PV集](/join/pv/) * [活動報告](/blog/)   + [各代の旅路](/maps/) * [写真展](/photo/) * [奥手稲山の家](/hutte/)   + [山の家,,,,,,,,https://huwv.org/wp/wp-content/uploads/2021/04/mv.jpg; https://huwv.org/wp/wp-content/uploads/2021/06/DSCF0892-scaled.jpg; https://huwv.org/wp/wp-content/uploads/2025/04/P1120301-scaled.jpg,ok(3)
北海道大学,アカペラサークルNoSeRA,文化系,,,公認,hokudai_web,https://x.com/FUTTO_KUN,https://instagram.com/nosera_hokudai,,https://hubcnavi.net/noserahokudai_acappella,whynotnowadventures@ritz.events,ok(4),,,,,DM/メール/LINE,,,,,,,,月,,あり,,,,,,,,可,体験参加後/見学歓迎,,,,ng)  ## 団体紹介  ♫2025年新歓情報♫    今年度の新歓は企画が盛り沢山です！    レクやアカペラ体験会、ライブ演奏など気軽にお越しください！  詳細や質問は、以下の新歓LINE公式アカウントを追加するか、NoSeRA新歓T,大会/合宿,,,,,,,,ok(7)
北海道大学,アニメーション研究会,文化系,,,公認,hokudai_web,https://x.com/hokudai_anime,,,https://www.hokudaianime.com/works/,hal.thiroshi753@gmail.com,ok(3),,https://www.youtube.com/@hokudai_anime,,,,,,,,,,,日,ガチ系,,,,,,,,,,,,,,,,,,,,,,,ok(3)
北海道大学,歩く会,文化系,,,公認,hokudai_web,https://x.com/HUWA2024HU,https://instagram.com/huwa_arukukai,,https://hubcnavi.net/yorupic,,ok(3),,,,,メール,,,,true,,,不定期,水,,,,,,,,,,,,,,,,,,,,,,,,ok(4)
北海道大学,RPG研究会,文化系,,,公認,hokudai_web,https://x.com/hokudai_r_ken,,,https://hubcnavi.net/cultural/study,,ok(2),,,,,DM/LINE,,,,true,,,週2回,月,ガチ系/ゆるい,,,,,学部+院生,,,,可,体験参加後/見学歓迎/誰でも可,,,,,大会/発表会/公演,,,,,,,,ok(9)
北海道大学,囲碁部,文化系,,,公認,hokudai_web,https://x.com/hokudai_igo,,,https://dormy-hokkaido.com/pickup/hokudaikounin-bukatsu/,,ok(2),CC7,,,,LINE,,,,true,,部室,週2回,日,アットホーム/初心者歓迎,,自由参加,,,,,,,可,体験参加後/見学歓迎,,,,います。  ＼最新情報／  ★オンライン新歓＆相談会を開催  ★新入生歓迎会でトレ体験＆レクを開催  ★部員は、SAJ検定（1～5級の「級別テスト」公認検定員がジャッジし、規定のポイント以上を獲得すると合格）2級から受け始めて1級に挑戦,大会,優勝/準優勝/入賞/受賞/全国大会,,,,,,https://dormy-hokkaido.com/wp-content/themes/dormy/common/images/header/logo.png; https://dormy-hokkaido.com/wp-content/themes/dormy/common/images/header/logo.png; https://dormy-hokkaido.com/wp-content/themes/dormy/common/images/header/logo.png,ok(14)
北海道大学,映画研究会,文化系,,,公認,hokudai_web,https://x.com/hucinema,https://instagram.com/hu_cinemaclub,,https://hucinema.com/,hu.cinema.m@gmail.com,ok(4),register,,,,DM/メール,,,,,,部室,隔週,金曜,,,,,,,,,,可,,,,,,,,,,,,,https://hucinema.com/wp-content/uploads/2013/10/shashinkure-2.png,ok(7)
北海道大学,英語研究会,文化系,,,公認,hokudai_web,,,,https://www.oia.hokudai.ac.jp/cier/fun-life/,,ok(1),,,,https://www.facebook.com/profile.php,,,,,,,,月1回,日,,,,,,,,,,,体験参加後,,,,,,,,,,,,https://www.oia.hokudai.ac.jp/cier/wp/wp-content/uploads/2019/02/fun_life.png,ok(5)
北海道大学,エレクトーンサークル sweet,文化系,,,公認,hokudai_web,https://x.com/hu_ec_sweet,https://instagram.com/hu_ec_sweet,,https://hu-ec-sweet.web.app/,,ok(3),,,,,,,,,,,,,,,,,,,,,,,,,,,,,,,,,,,,,ok(0)
北海道大学,カフェプロジェクト,文化系,,,公認,hokudai_web,https://x.com/Cafe_Project,https://instagram.com/hokcafe,,https://hubcnavi.net/hokcafe,hokcafe@gmail.com,ok(4),,,,,DM/メール,,,,,,,週1回,月,,,,,,,,,,,,,,,--- | --- | | 4月 | 新歓説明会 | | 5月 | | 6月 | 北大祭カフェ | | 7月 | ジンパ、陽だまりコラボカフェ | | 8月 | オーキャンカフェ、七夕カフェ | | 9月 | テスク＆祭人コラボカフェ、陽,,,,ボランティア,,,,,ok(5)
北海道大学,合唱団,文化系,,,公認,hokudai_web,https://x.com/Gassyo_hmc,https://instagram.com/hmc__2025,,https://twstalker.com/Gassyo_hmc,hokudai.male.chor@gmail.com,ok(4),,,,,,,,,,,,,,,,,,,,,,,,,,,,,,,,,,,,,no_content
北海道大学,かるた会,文化系,,,公認,hokudai_web,https://x.com/hokudaicaruta,https://instagram.com/hokudai_caruta,,http://hokudaicarutakai.web.fc2.com/shinkan2023.html,,ok(3),index.html,,,,LINE,,,,,,,,,,,,,,,,,,,,,,,,,,,,,,,,ok(2)
北海道大学,奇術研究会,文化系,,,公認,hokudai_web,https://x.com/hokudai_magic,https://instagram.com/hokudai_magic,,https://hubcnavi.net/cultural/study,,ok(3),,,,,DM/LINE,,,,true,,,週2回,月,ガチ系/ゆるい,,,,,学部+院生,,,,可,体験参加後/見学歓迎/誰でも可,,,,,大会/発表会/公演,,,,,,,,ok(9)
北海道大学,クイズ研究会,文化系,,,公認,hokudai_web,https://x.com/Hokudai_quiz,https://instagram.com/gqs_2025,,https://w.atwiki.jp/qqqnoq/pages/100.html,,ok(3),,,,,,,,,true,,,,,,,,,,,,,,,,,,,,,,,,,,,,ok(1)
北海道大学,クラーク聖書研究会,文化系,,,公認,hokudai_web,https://x.com/clark_bible,https://instagram.com/hokudai_kgk,,https://hubcnavi.net/cultural/study,,ok(3),,,,,DM/LINE,,,,true,,,週2回,月,ガチ系/ゆるい,,,,,学部+院生,,,,可,体験参加後/見学歓迎/誰でも可,,,,,大会/発表会/公演,,,,,,,,ok(9)
北海道大学,軽音楽研究会,文化系,,,公認,hokudai_web,https://x.com/MSC_twit,https://instagram.com/hokudai_kon,,https://hokudaik-on.jimdofree.com/%E5%85%A5%E9%83%A8%E5%B8%8C%E6%9C%9B%E3%81%AE%E6%96%B9%E3%81%B8/,,ok(3),,,,,DM,,,,,,,,月,,,,,,,,,,,,,,,,,,,,,,,https://image.jimcdn.com/app/cms/image/transf/none/path/s1ac77dcdd5696e39/image/id32e10294dbbe2f7/version/1681976578/image.png; https://image.jimcdn.com/app/cms/image/transf/dimension=431x10000:format=jpg/path/s1ac77dcdd5696e39/image/ia0e4693de17e3742/version/1743189838/image.jpg,ok(3)
北海道大学,劇団しろちゃん,文化系,,,公認,hokudai_web,https://x.com/shiro_hokudai,https://instagram.com/shiro_hokudai,,https://lit.link/SHirochan,_chan95@hotmail.com,ok(4),,https://youtube.com/channel/UCI8TfLY1ufiNCB0rv-azdEg,,,,,,,,,,,,,,,,,,,,,,,,,,年中無休で団員募集中！ * ## 各種新歓SNSはこちらから    ⬇️⬇️⬇️ * [## 新歓X(旧Twitter)    しろちゃんの新歓について発信中！](https://twitter.com/2025shiro_chan) *,公演,,,,,,,https://prd.resource-api.lit.link/images/creators/a3699c43-5c40-484e-85b8-910595d65c6c/0a037d59-e3b0-4865-a81c-f056807337f9.png,ok(4)
北海道大学,混声合唱団,文化系,,,公認,hokudai_web,https://x.com/hokkon_2025,https://instagram.com/hu_mixed_chorus,,http://cf972771.cloudfree.jp/,,ok(3),,,,,,,,,,,,,,,,,,,,,,,,,,,,,,,,,,,,,no_content
北海道大学,茶道研究会,文化系,,,公認,hokudai_web,https://x.com/HU_sado,https://instagram.com/hguchaken,,https://hokudai60sadou1958.jimdofree.com/,hokudaisadou@gmail.com,ok(4),,,,,,,,,false,,,毎週,日,初心者歓迎,,,,,学部+院生,,,,可,見学歓迎,,,,,,,,,,,,,ok(7)
北海道大学,自然研究会,文化系,,,公認,hokudai_web,https://x.com/shizenken,https://instagram.com/shizenken_,,https://hubcnavi.net/shizenken,icu.footloose1993@gmail.com,ok(4),Twitter,,,,LINE,,,,false,,,,金,ゆるい,,,,,,,,,,体験参加後,入会金1000円,年会費は1000円,,ドライブ）、植物観察 | | 5月 | 新歓企画（植物園・水族館...）、新入会員交流会、植物観察 | | 6月 | ジンパ、ドライブ、登山（藻岩山・アポイ岳etc)、植物観察 | | 7月 | 生物採集、ドライブ（雨竜沼湿原・富良野・美瑛,,,,,,,,,ok(9)
北海道大学,自然に親しむ会 野客,文化系,,,公認,hokudai_web,https://x.com/yakaku_hokudai,,,http://mizukan.or.jp/iikawa15th_entry,kawanohi-2006@mizukan.or.jp,ok(3),,,,https://www.facebook.com/KawaraRiverFunclub,メール/LINE,,,,,,教室,月８日,月,,あり,,,,,中央/東大,,,可,体験参加後/見学歓迎/誰でも可,,,,,大会/合宿,受賞/メディア,,ボランティア,,,,http://mizukan.or.jp/wordpress/wp-content/themes/mizukan/images/mizukan_logo.png; http://mizukan.or.jp/wordpress/wp-content/themes/mizukan/images/iikawa25th_2.png; http://mizukan.or.jp/wordpress/wp-content/themes/mizukan/images/iikawa25th_2.png,ok(13)
北海道大学,写真部,文化系,,,公認,hokudai_web,https://x.com/hu_photoclub,https://instagram.com/hokusui_photo,,https://hokudaiphoto.wordpress.com/,hokudai.photo@gmail.com,ok(4),,,,,メール,,,,,,,毎週,月,,,,,,学部+院生,,,,可,見学歓迎,,,,,,,,,,,,,ok(6)
北海道大学,ジャズ研究会,文化系,,,公認,hokudai_web,https://x.com/HokudaiJazz,https://instagram.com/hokusei_jazz_,,https://hokudaijazz.web.fc2.com/,,ok(3),at,,,https://www.facebook.com/hokudaijazz,メール,,,,,,部室,毎週,土曜日17:00,,あり,,,,,,,,,見学歓迎,,,,等での演奏  ### 主な行事  4月 新歓ライブ     5月 新歓ジンパ     6月 学校祭     8月 夏合宿     10月 1、2年目ライブ     12月 定期演奏会     2月 冬合宿     3月 卒業ライブ  ##,合宿/演奏会,,,,,,,,ok(10)
北海道大学,シュマの会,文化系,,,公認,hokudai_web,https://x.com/HU_Shumanokai,,,https://www.hokudaishinbun.com/2022/04/03/6412/,,ok(2),,,,https://www.facebook.com/Hokudaishinbun,LINE,,,,,,,週１回,日,初心者歓迎,,,,,,,,,,体験参加後/誰でも可,,,,活動制限下での活動⑤新入生へメッセージ⑥新歓情報⑦団体のツイッター・ホームページなど（1団体1種類掲載）  **〈北海道大学民謡研究会合唱団わだち〉**  ①9人②全国各地の踊り、和太鼓等の和楽器の演奏、団員自ら編曲を行うポップスの合唱を主,大会/演奏会,,,,,,,https://www.hokudaishinbun.com/wp-content/uploads/2020/09/Logo_for_NewWebsite.png; https://www.hokudaishinbun.com/wp-content/plugins/wp-social-bookmarking-light/public/images/line88x20.png,ok(9)
北海道大学,将棋部,文化系,,,公認,hokudai_web,https://x.com/hokudai_shogi,https://instagram.com/shogi.hokudai,,https://hokudai.2024.giving-campaign.jp/groups?id=58e9549d-936b-4fc8-a00f-3b1fffdb0df3,,ok(3),,,,,,,,,,,,,,,,,,,,,,,,,,,,,,,,,,,,https://d2pge145h4hrsw.cloudfront.net/hokudai.png; https://d2pge145h4hrsw.cloudfront.net/hokudai.png; https://d3dz0yrkzkfgn0.cloudfront.net/alternative_logomark_image_url/4082763e-c288-45bc-821e-9731029bd8c8.jpg,ok(1)
北海道大学,植物同好会,文化系,,,公認,hokudai_web,https://x.com/shokudou2024,https://instagram.com/shokudou2025,,https://hokudaiwiki.net/wiki/%E5%8C%97%E5%A4%A7%E3%81%AE%E5%8B%95%E7%89%A9%E7%B3%BB%E3%82%B5%E3%83%BC%E3%82%AF%E3%83%AB,,ok(3),,,,,,,,,,,,,水,,,,,,,中央,,,,,,,,,,,,,,,,https://hokudaiwiki.net/hokudaiwiki_main/resources/assets/banner_hokudaipuzzle.png,ok(3)
北海道大学,書道部,文化系,,,公認,hokudai_web,https://x.com/syodoHokkaidoU,https://instagram.com/hokudai_shodo,,https://hubcnavi.net/hokudai_shodo,icu.footloose1993@gmail.com,ok(4),,https://www.youtube.com/@hokkaidouniversityshodoclu6601,,,メール,,,,true,,,毎週,毎週水曜日18:00,,あり,,,,学部+院生,,,,,,,,,--- | --- | | 4月 | 新歓 | | 5月 | 花見 | | 6月 | 北大祭パフォーマンス、打ち上げ | | 7月 | | 8月 | 1学期お疲れ様会，プチ合宿@サークル会館 | | 9月 | 旧帝展 | | 10月 |,合宿,,,,,,,,ok(9)
北海道大学,新聞編集部,文化系,,,公認,hokudai_web,https://x.com/HokudaiShinBun,https://instagram.com/hokudaishimbun,,https://www.hokudaishinbun.com/2022/04/03/6412/,hokudaishinbun@gmail.com,ok(4),,,,https://www.facebook.com/Hokudaishinbun,LINE,,,,,,,週１回,日,初心者歓迎,,,,,,,,,,体験参加後/誰でも可,,,,活動制限下での活動⑤新入生へメッセージ⑥新歓情報⑦団体のツイッター・ホームページなど（1団体1種類掲載）  **〈北海道大学民謡研究会合唱団わだち〉**  ①9人②全国各地の踊り、和太鼓等の和楽器の演奏、団員自ら編曲を行うポップスの合唱を主,大会/演奏会,,,,,,,https://www.hokudaishinbun.com/wp-content/uploads/2020/09/Logo_for_NewWebsite.png; https://www.hokudaishinbun.com/wp-content/plugins/wp-social-bookmarking-light/public/images/line88x20.png,ok(9)
北海道大学,推理小説研究会,文化系,,,公認,hokudai_web,https://x.com/hokudai_mmc,https://instagram.com/hokudai_mmc,,https://hubcnavi.net/hokudai_mmc,,ok(3),,,,,メール,,,,true,,,毎週,毎週月曜,ゆるい,あり,,,,学部+院生,,,,可,見学歓迎,,,,--- | --- | | 4月 | 新歓 | | 5月 | 新入生歓迎会、会誌の寄稿 | | 6月 | 北大祭（会誌の販売） | | 7月 | ジンパ | | 8月 | 文学フリマ | | 9月 | 合宿 | | 10月 | 秋新歓 |,合宿,,,,,,,,ok(11)
北海道大学,チルコロ・マンドリニスティコ アウロラ,文化系,,,公認,hokudai_web,https://x.com/Aurora_shinkan,,,https://hubcnavi.net/aurora_mandolin,hokudai.aurora@gmail.com,ok(3),,,,,DM/メール/LINE,,,,true,,,週2回,日,,あり,,,,,,,,,,,,,を超えて切実に部員募集中です！    ↓新歓参加希望はこちらのformかInstagram、twitterのDMまで🌸    Form : <https://forms.gle/xF9FRae4aA5qmou8A>    日時：火・金…18,合宿/演奏会,,,,,,,,ok(7)
北海道大学,中国ダンスサークル華,文化系,,,公認,hokudai_web,https://x.com/hokudaihana87,,,https://sapporo.chinafes.net/stage.html,,ok(2),Sat,,,,,,,,,,,,日,,,,,,,,,,,体験参加後,,,,,大会/公演,,,,,,,,ok(4)
北海道大学,デザインサークル+Dtips,文化系,,,公認,hokudai_web,https://x.com/plusDtips,,,https://www.hokudaishinbun.com/2021/04/06/5233/,hokudaibasket@gmail.com,ok(3),HUCC,,,https://www.facebook.com/Hokudaishinbun,DM/メール/LINE,,,,false,,体育館,週3回,日,初心者歓迎,あり,自由参加,,,学部+院生,,,,可,体験参加後/見学歓迎,,,,"活動制限下での活動⑤新入生へメッセージ⑥新歓情報⑦団体のツイッター・ホームページなど(1団体1種類掲載)  **〈赤黒学生連合(RBU,ガクレン)〉**  ①約30人②コンサドーレを中心に応援するサッカー観戦サークルです。試合観戦、フットサ",大会/合宿/演奏会,優勝,,,,,,https://www.hokudaishinbun.com/wp-content/uploads/2020/09/Logo_for_NewWebsite.png; https://www.hokudaishinbun.com/wp-content/plugins/wp-social-bookmarking-light/public/images/line88x20.png,ok(17)
北海道大学,鉄道研究会,文化系,,,公認,hokudai_web,https://x.com/hokudaitetsuken,https://instagram.com/hokudaitetsuken,,https://mobile.twstalker.com/hokudaitetsuken,,ok(3),,,,,,,,,,,,,,,,,,,,,,,,,,,,,,,,,,,,,no_content
北海道大学,天文同好会,文化系,,,公認,hokudai_web,https://x.com/otenki_hokkikai,https://instagram.com/hokudaitenmon,,https://tenten-monmon-hokudai.org/,,ok(3),,,,,,,,,,,,,,,,,,,,,,,,,,,,,,,,,,,,,no_content
北海道大学,虹の集い,文化系,,,公認,hokudai_web,https://x.com/nijinotsudoi,,,https://nijinotsudoi.wixsite.com/hokudai-lgbts,,ok(2),,,,,,,,,false,,,月9日,月,,,,,,,,,,,,,,,,,,,,,,,"https://static.wixstatic.com/media/e3e4d8_2c9756d4c78e414aae98ca76a5988d18~mv2.png/v1/crop/x_85,y_71,w_968,h_968/fill/w_80,h_80,al_c,q_85,usm_0.66_1.00_0.01,enc_avif,quality_auto/e3e4d8_2c9756d4c78e414aae98ca76a5988d18~mv2.png",ok(4)
北海道大学,パイプオルガン研究会,文化系,,,公認,hokudai_web,https://x.com/hokudai_organ,https://instagram.com/hokudai_organ,,https://pipeorgan.work/,zengakushinkan2026@gmail.com,ok(4),,,,https://www.facebook.com/hokudaiorgan,メール,,,,true,,,,月,,,,,,,,,,,見学歓迎,,,,,,,,,,,,,ok(5)
北海道大学,ピアノクラブ,文化系,,,公認,hokudai_web,https://x.com/nupc_jp,https://instagram.com/hokudai_piano,,https://university.secret.jp/,,ok(3),HPC,,,,,,,,,,,,日,,,,,,,,,,,,,,,,,,,,,,,https://university.secret.jp/wp-content/uploads/2016/11/cropped-piano-349928_1920-3.jpg; http://university.secret.jp/wp-content/uploads/2016/12/page-title.jpg; http://university.secret.jp/wp-content/uploads/S__31408160.jpg,ok(3)
北海道大学,BIGBAND 北極,文化系,,,公認,hokudai_web,https://x.com/BigbandHokkyoku,https://instagram.com/bigbandhokkyoku_official,,https://www.hokudaishinbun.com/2019/04/02/2020/,,ok(3),,,,https://www.facebook.com/Hokudaishinbun,LINE,,,,false,,,週3回,日,,あり,,,,,,,,,,,,,,合宿/演奏会,,,,,,,https://www.hokudaishinbun.com/wp-content/uploads/2020/09/Logo_for_NewWebsite.png; https://www.hokudaishinbun.com/wp-content/plugins/wp-social-bookmarking-light/public/images/line88x20.png; http://www.hokudaishinbun.com/wp-content/uploads/2019/03/1553074105516-2-1024x768.jpg,ok(8)
北海道大学,美術部黒百合会,文化系,,,公認,hokudai_web,,https://instagram.com/kuroyuri_hokudai.art,,https://kryr-artculb.wixsite.com/hokudai-kuroyuri,,ok(2),,,,,,,,,,,,,月,,,,,,,,,,,,,,,2024/4/26　：'24年度の春新歓は無事終了しました。 　2024/4/24　：新歓展終了しました。たくさんのご来場ありがとうございました。 　2024/4/14　：活動内容に絵画曜会、立体＆イラスト曜会、ハンドメイド曜会の説明ペ,,,,,,,,"https://static.wixstatic.com/media/820248_8291e2c8289145a58180135f20e85319~mv2.jpg/v1/fill/w_288,h_162,al_c,q_80,usm_0.66_1.00_0.01,blur_2,enc_avif,quality_auto/820248_8291e2c8289145a58180135f20e85319~mv2.jpg; https://static.wixstatic.com/media/820248_ff801da9773b4cab8b47aac1befd2afa~mv2.jpg/v1/fill/w_298,h_414,al_c,q_80,usm_0.66_1.00_0.01,enc_avif,quality_auto/IMG_4824%202024-11-10%2001_24_38_JPG.jpg; https://static.wixstatic.com/media/11062b_55e4be1e75564866b6c28290f9a9d271~mv2.png/v1/fill/w_39,h_39,al_c,q_85,usm_0.66_1.00_0.01,enc_avif,quality_auto/11062b_55e4be1e75564866b6c28290f9a9d271~mv2.png",ok(3)
北海道大学,フォークソング研究会,文化系,,,公認,hokudai_web,https://x.com/hokudaifken,https://instagram.com/hokudaifken,,https://hubcnavi.net/hokudaifken,,ok(3),,,,,,,,,true,,スタジオ/部室,毎週,毎週金曜日,,あり,,,,,,,,,,,部費は1000円,,--- | --- | | 4月 | 新歓活動 | | 5月 | 花見、新歓コンパ | | 6月 | 北大祭、新人戦vol.1 | | 7月 | 夏の定期演奏会 | | 8月 | 中間コンパ | | 9月 | | 10月 | | 11月,合宿/演奏会,,,,,,,,ok(8)
北海道大学,ブルーグラス研究会,文化系,,,公認,hokudai_web,https://x.com/HokudaiBlueken,https://instagram.com/hokudai_blueken,,https://hubcnavi.net/Hokudaiblueken,,ok(3),,,,,DM/メール,,,,true,,,,日,初心者歓迎,あり,,,,,,,,,体験参加後,,,,北大生以外も大歓迎です！  当サークルは新歓期以外での入部も承っております。少しでも興味のある方はXもしくはInstagramのDMまでお気軽にご連絡ください！  ## データ  |  |  | | --- | --- | | 人数 | 4,合宿/演奏会,,,,,,,,ok(8)
北海道大学,文芸部,文化系,,,公認,hokudai_web,https://x.com/hoku_bun,https://instagram.com/hokubun_,,https://www.hokudaishinbun.com/2024/06/22/8928/,,ok(3),,,,https://www.facebook.com/Hokudaishinbun,LINE,,,,false,,教室,,日,,,,,,,,,,,,,,,,,,,,,,,https://www.hokudaishinbun.com/wp-content/uploads/2020/09/Logo_for_NewWebsite.png; https://www.hokudaishinbun.com/wp-content/plugins/wp-social-bookmarking-light/public/images/line88x20.png,ok(6)
北海道大学,ボーカロイド同好会,文化系,,,公認,hokudai_web,https://x.com/Hokkaidouniv_VC,https://instagram.com/hu_vocalo,,https://ww.twstalker.com/Hokkaidouniv_VC,,ok(3),,,,,,,,,,,,,,,,,,,,,,,,,,,,,,,,,,,,,no_content
北海道大学,邦楽研究会,文化系,,,公認,hokudai_web,https://x.com/HougakuHu,https://instagram.com/hougakuhu,,https://www.hokudaishinbun.com/2021/04/06/5233/,hokudaibasket@gmail.com,ok(4),HUCC,,,https://www.facebook.com/Hokudaishinbun,DM/メール/LINE,,,,false,,体育館,週3回,日,初心者歓迎,あり,自由参加,,,学部+院生,,,,可,体験参加後/見学歓迎,,,,"活動制限下での活動⑤新入生へメッセージ⑥新歓情報⑦団体のツイッター・ホームページなど(1団体1種類掲載)  **〈赤黒学生連合(RBU,ガクレン)〉**  ①約30人②コンサドーレを中心に応援するサッカー観戦サークルです。試合観戦、フットサ",大会/合宿/演奏会,優勝,,,,,,https://www.hokudaishinbun.com/wp-content/uploads/2020/09/Logo_for_NewWebsite.png; https://www.hokudaishinbun.com/wp-content/plugins/wp-social-bookmarking-light/public/images/line88x20.png,ok(17)
北海道大学,ほくだい畑,文化系,,,公認,hokudai_web,,,,https://www.otaru-uc.ac.jp/evergreen_news/443810/,,ok(1),Campus Square,https://www.youtube.com/channel/UCjvGv9eyfnDDdwibXuj44RQ,,,,,,,false,,体育館,月6日,日,,,,,,学部+院生,,,,可,面接あり,,,,,,メディア,,,,,,,ok(10)
北海道大学,マイクロコンピュータ研究会,文化系,,,公認,hokudai_web,https://x.com/silicon_hokudai,,,https://www.hokudai.ac.jp/pr/pdf/jihou_24_11.pdf,,ok(2),ISP,,,,メール,,,,false,三田/SFC,体育館/教室/スタジオ,週4回,木,ガチ系,,,4人,,学部+院生,明治/中央/法政/東大,,,可,体験参加後/見学歓迎,,,,,大会/発表会,優勝/準優勝/受賞/メディア,,ボランティア,,,,,ok(16)
北海道大学,民謡研究会合唱団 わだち,文化系,,,公認,hokudai_web,https://x.com/FUTTO_KUN,,,https://www.hokudaishinbun.com/2022/04/03/6412/,,ok(2),,,,https://www.facebook.com/Hokudaishinbun,LINE,,,,,,,週１回,日,初心者歓迎,,,,,,,,,,体験参加後/誰でも可,,,,活動制限下での活動⑤新入生へメッセージ⑥新歓情報⑦団体のツイッター・ホームページなど（1団体1種類掲載）  **〈北海道大学民謡研究会合唱団わだち〉**  ①9人②全国各地の踊り、和太鼓等の和楽器の演奏、団員自ら編曲を行うポップスの合唱を主,大会/演奏会,,,,,,,https://www.hokudaishinbun.com/wp-content/uploads/2020/09/Logo_for_NewWebsite.png; https://www.hokudaishinbun.com/wp-content/plugins/wp-social-bookmarking-light/public/images/line88x20.png,ok(9)
北海道大学,野鳥研究会,文化系,,,公認,hokudai_web,https://x.com/Toriken_hokudai,https://instagram.com/toriken_hokudai,,https://sasaru.media/article/weather/20240331_003/,,ok(3),,,,,,,,,false,,,月5日,木,,,,,,,中央,,,,,,,,,,,,,,,,https://sasaru.media/trendword/data/7/eyecatch.jpg; https://sasaru.media/trendword/data/6/eyecatch.png,ok(5)
北海道大学,ユースホステルクラブ,文化系,,,公認,hokudai_web,https://x.com/hokudai_yhc_,https://instagram.com/yhc_hokudai_travel,,https://www.japan.dentsu.com/jp/news.html,,ok(3),UTEcon,,,,DM/メール/LINE,,,,false,早稲田,教室/スタジオ/コート,月5日,日,ガチ系,,,,,学部+院生,明治/中央/東大/早稲田,,,可,体験参加後/誰でも可,,,,,大会,優勝/入賞/受賞/全国大会/メディア,,地域貢献,,,,,ok(15)
北海道大学,YOSAKOIソーラン北海道大学 縁,文化系,,,公認,hokudai_web,https://x.com/hokudaien,https://instagram.com/hokudaien.official,,https://search.yahoo.co.jp/realtime/search?ei=UTF-8&rkf=1&ifr=tl_unit&p=%E5%8C%97%E6%B5%B7%E9%81%93%E5%A4%A7%E5%AD%A6%E7%B8%81,,ok(3),C,,,,DM/LINE,,,,,,,月8日,日,,,,,,,,,,,体験参加後,,,,8C%97%E5%A4%A7)　[#北大新歓](/realtime/search?p=%23%E5%8C%97%E5%A4%A7%E6%96%B0%E6%AD%93) [#履修登録](/realtime/search?p=%23%E5%B1,,,,,,,,https://img.youtube.com/vi/22bOg-TO-jA/hqdefault.jpg; https://img.youtube.com/vi/QjkgVdtcmCw/hqdefault.jpg; https://img.youtube.com/vi/1jylmuCMQO4/hqdefault.jpg,ok(7)
北海道大学,落語研究会,文化系,,,公認,hokudai_web,https://x.com/hokuochi,https://instagram.com/hoku.ochi.,,https://hubcnavi.net/hokuochi,hokuochi.yose@gmail.com,ok(4),,,,,メール,,,,true,,部室,毎週,毎週火曜日,,,,,,,,,,可,見学歓迎,,年会費5000円,,--- | --- | | 4月 | 新歓寄席 | | 5月 | | 6月 | 楡陵祭寄席 | | 7月 | | 8月 | | 9月 | | 10月 | | 11月 | 定期寄席 | | 12月 | | 1月 | | 2月 | 卒業寄席,大会,,,,,,,,ok(10)
北海道大学,リコーダーアンサンブル,文化系,,,公認,hokudai_web,https://x.com/hok_recorder,https://instagram.com/hokudairecorder,,https://search.yahoo.co.jp/realtime/search/%E5%8C%97%E6%B5%B7%E9%81%93%E5%A4%A7%E5%AD%A6%20%E5%8C%97%E5%A4%A7/?p=%E5%8C%97%E6%B5%B7%E9%81%93%E5%A4%A7%E5%AD%A6%20%E5%8C%97%E5%A4%A7&ei=UTF-8&mtype=video&rkf=1,,ok(3),C,,,,DM/LINE,,,,,早稲田,,月9日,日,初心者歓迎,,,16人,,,慶應/上智/明治/立教/東大/早稲田,,,,,,,,クラブです🛶 2026年度の新入生向けの新歓PVです‼️ 　どんな雰囲気か~ 　どんなことをしてるのか~ 　このサークルで大学生活を楽しめるか~ それを知る助けになれば嬉しいです☺️ ぜひフォローを! [#春から北大](/realtime/,大会,優勝/受賞/メディア,,,,,,https://img.youtube.com/vi/9nctsoqcRZ0/hqdefault.jpg; https://img.youtube.com/vi/hSJg1godMY0/hqdefault.jpg; https://img.youtube.com/vi/VbH8Rv3FCBE/hqdefault.jpg,ok(12)
北海道大学,連合吹奏楽団,文化系,,,公認,hokudai_web,https://x.com/hokudaibrass,https://instagram.com/hokudai.brass,,https://hubcnavi.net/hokudaibrass,hokudaibrass@yahoo.co.jp,ok(4),,,,,メール,,,,,,,,日,,,,,,,,,,,誰でも可,,,,,大会/演奏会,,,,,,,,ok(4)
北海道大学,大学祭全学実行委員会,その他,,,公認,hokudai_web,https://x.com/HOKUDAISAI,https://instagram.com/hakuginsai,,https://67.hokudaisai.com/about/,zengakushinkan2026@gmail.com,ok(4),IFF,https://www.youtube.com/@HOKUDAI_SAI,,,,,,,,,,月7日,日,,,,,,,,,,,,,,,,,,,地域貢献,,,,https://67.hokudaisai.com/img/icons/emblem.png,ok(6)
